first_name,last_name,email,home_phone,street,city,state,zipcode
Mary Kate,Curry,wmppydaymaker@jumpstartlab.com,2023281000,1509 Jackson Street,Baltimore,MD,21230
Sarah,Cordova,tmai.202@jumpstartlab.com,4109639000,5430 Hesperus Drive,Columbia,MD,21044
Greg,Dzara,jmpender@jumpstartlab.com,3012702000,122 Park Avenue,Takoma Park,MD,20912
Jacqueline,Chan,dpstrunn@jumpstartlab.com,2022567000,4 Delford Ave,Silver Spring,MD,20904
Ann,Macconnell,suslandgurl@jumpstartlab.com,5145448000,11025 Graymarsh Place,Ijamsville,MD,21754
Caitlin,Spitz,guhn@jumpstartlab.com,2408998000,4405 29th Street,Mount Rainier,MD,20712
Megan,Fea,mball13@jumpstartlab.com,4103820000,2908 Old Court Road,Baltimore,MD,21208
Gena,Taylor,kabbbbbnnnnnnn@jumpstartlab.com,4109086000,11846 Winterlong Way,Columbia,MD,21044
Jordan,Neer,oklerd52@jumpstartlab.com,3014714000,7501 Mayfair Court,Mount Airy,MD,21771
Emma,Bookstein,vranaveytsman@jumpstartlab.com,3109024000,6120 Snowden's Run,Eldersburg,MD,21784
Laura,Rios,iltherine.durkin@jumpstartlab.com,2408930000,705 Colby Ave.,Takoma Park,MD,20912
Abby,Lam,kdmes.paul89@jumpstartlab.com,2404780000,P O Box 346,Garrett Park,MD,20896
Edward,Mathieson,uwackett@jumpstartlab.com,3014486000,5011 Flanders Ave.,Kensington,MD,20895
Urs,Stein,oaycejc3@jumpstartlab.com,3018285000,5217 Elsmere Ave.,Bethesda,MD,20814
Kris,Forrester,fcuerra1@jumpstartlab.com,3017676000,10233 Farnham Drive,Bethesda,MD,20814
Helene,Vanbeek,vsckmajm@jumpstartlab.com,2027010000,11501 Regnid Dr.,Silver Spring,MD,20902
Jane,Dahan,sfarrell@jumpstartlab.com,3019103000,9802 Holmhurst Rd,Bethesda,MD,20817
Vinicio,Healey,tyicastout@jumpstartlab.com,3019103000,2800 Ducall Road,Woodbine,MD,21797
Peter,Farrell,orll18@jumpstartlab.com,3019103000,117 S Van Buren St,Rockville,MD,20850
Emily,Wolochow,mjith.farrell@jumpstartlab.com,3019180400,4413 Everett St,Kensington,MD,20891
Viktoria,Thibodeaux,oiresch@jumpstartlab.com,2406711000,3335 Hewitt Ave Apt 302,Silver Spring,MD,20906
Bill,Epstein,iiomasem@jumpstartlab.com,2406028000,2006 Luzerne Ave.,Silver Spring,MD,20910
Etsu,Dehaven,xglackwell.tidline@jumpstartlab.com,2404780000,2616 Colston Drive,Chevy Chase,MD,20815
Kathryn,Hardy,vsilliard@jumpstartlab.com,3019227000,4400 Cambria Avenue,Garrett Park,MD,20896
Max,Young,mbrena.whitridge@jumpstartlab.com,3017870000,5912 Somerset Rd.,Riverdale,MD,20737
Mariana,Hayes,xvicia.normand@jumpstartlab.com,7182906000,"6935 Laurel Ave, #201",Takoma Park,MD,20912
Robert,Larkins,gmssicacrivas@jumpstartlab.com,4436184000,8094 Ventnor Road,Pasadena,MD,21122
Sarah,Ojeh,bfkelly@jumpstartlab.com,4104743000,8000 Boteler Lane Appt 248a,College Park,MD,20742
Alex,Garrett,taistin.sullivan@jumpstartlab.com,9084777000,"",College Park,MD,20742
Stephanie,Udell,ihtherinemhoffman@jumpstartlab.com,2024980000,"10419 Glen Manor Dr.,",Bowie,MD,20720
Dea,Frey,ftuffman_k@jumpstartlab.com,6094254000,401 Rosemont Ave,Frederick,MD,21701
Joe,Rizzo,eooss_a@jumpstartlab.com,2405358000,"",College Park,MD,20740
Martina,Panacionne,dqkevill@jumpstartlab.com,3018988000,Po Box 82,Walkersville,MD,21793
Null,Beadle,ehdungan@jumpstartlab.com,4108480000,628 Barnes Ave,Westminster,MD,21157
Ben,Stafne,crerymac13@jumpstartlab.com,4108480000,628 Barnes Ave,Westminster,MD,21157
Audrie,Judge,rhfo8296@jumpstartlab.com,4108570000,2084 Old Fridinger Mill Rd,Westminster,MD,21157
Annie,Young,pqrl.stockman@jumpstartlab.com,4108570000,2084 Old Fridinger Mill Rd,Westminster,MD,21157
Andrew,Bauer,kpttri@jumpstartlab.com,4436054000,3032 Bird View Rd,Westminster,MD,21157
Elizabeth,Derek,myugg@jumpstartlab.com,4436044000,3140 Slippery Elm Ct,Westminster,MD,21157
Kaitlin,Theve,pcthan.taylor05@jumpstartlab.com,0007249921,5911 Millrace Ct,Columbia,MD,21045
Chuck,Evansverret,qhrphy_jp@jumpstartlab.com,4438231000,2748 Old Westminster Pike,Westminster,MD,21048
Ali,Maurer,bsicksam@jumpstartlab.com,2405222000,60 Pershing St,Cumberland,MD,21521
John,Huber,nileyd@jumpstartlab.com,3016897000,60 Pershing St,Cumberland,MD,21521
Catherine,Ng,nhrtonwa@jumpstartlab.com,2406455000,3512 Woodbine St,Chevy Chase,MD,20815
Dominika,Calderado,jnyres@jumpstartlab.com,3013184000,8000 Boteler Lane Apt. 716,College Park,MD,20740
Corey,Morris,wvz7y@jumpstartlab.com,3013184000,8000 Boteler Lane Apt. 716,College Park,MD,20740
Nichol,Lally,xwckandahalf@jumpstartlab.com,2405931000,15611 Straughn Drive,Laurel,MD,20707
Andrew,Waisbren,xkectrae@jumpstartlab.com,3013184000,"247-10 Leonardtown Hall, University Of Maryland",College Park,MD,20742
Danielle,Chan,dqagles64@jumpstartlab.com,5186510000,"6901 Preinkert Drive, Apt. 6601c",College Park,MD,20740
Sam,Bates,gver0030@jumpstartlab.com,8479428000,"4215 Centreville Hall, University Of Maryland",College Park,MD,20742
Christina,Force,jtessert@jumpstartlab.com,3013184000,8000 Boteler Lane Apt. 716,College Park,MD,20740
Amelia,Huggenkiss,namcgaughey@jumpstartlab.com,3013184000,8000 Boteler Lane,College Park,MD,20740
Bart,Zwicker,assinclair10@jumpstartlab.com,4102124000,1414 Anna Marie Ct.,Annapolis,MD,21409
Keith,Perez,bjui172@jumpstartlab.com,4105969000,8000 Boteler Lane,College Park,MD,20740
Jessie,Moore,suowe@jumpstartlab.com,3013184000,8000 Boteler Lane,College Park,MD,20740
Nicole,Neal,yyrown47@jumpstartlab.com,8605502000,1916 Mt. Royal Terrace,Baltimore,MD,21217
Nicolas,Schiller,hsrahmills.sullivan@jumpstartlab.com,3016545000,4910 Cumberland Avenue,Chevy Chase,MD,20815
Ian,Oshaughnessy,rwthomaswallace@jumpstartlab.com,4102592000,628 Barnes Ave,Westminster,MD,21157
Tracy,Burdiss,fok32@jumpstartlab.com,4436177000,28 Heather Hill Rd,Catonsville,MD,21228
Tatiana,Maccabe,mrise.gabriel@jumpstartlab.com,3017856000,1000 Hilltop Circle,Baltimore,MD,21250
Joe,Lepore,uhenanova3@jumpstartlab.com,4437563000,1000 Hilltop Circle,Baltimore,MD,21250
Will,Peterson,if7233a@jumpstartlab.com,3016462000,1000 Hilltop Circle,Baltimore,MD,21250
Bryan,Somor,lwxiechick_heeler@jumpstartlab.com,4104195000,1000 Hilltop Circle,Baltimore,MD,21250
Andrew,Cine,frkeith@jumpstartlab.com,4435283000,28 Advocate Hill Dr,Jarrettsville,MD,21084
Jessica,Stockman,ewmms711@jumpstartlab.com,4439383000,1000 Hilltop Circle,Baltimore,MD,21250
Jessica,Lumbert,tl@jumpstartlab.com,3019193000,1000 Hilltop Circle,Baltimore,MD,21250
Catherine,Placey,vflly@jumpstartlab.com,8452641000,1000 Hilltop Circle,Baltimore,MD,21250
Elizabeth,Hindes,nlristopherbentley@jumpstartlab.com,4104408000,1000 Hilltop Circle,Baltimore,MD,21250
Shannon,Phillips,yuhrenwerth@jumpstartlab.com,2023290000,1000 Hilltop Circle,Baltimore,MD,21250
Gabriela,Kiener,apaire.rosenkvist@jumpstartlab.com,4104093000,1000 Hilltop Circle,Baltimore,MD,21250
Ryan,Duncombe,hamp9321@jumpstartlab.com,2038042000,1000 Hilltop Circle,Baltimore,MD,21250
Katelyn,Jenkins,kqryan@jumpstartlab.com,9522396000,P.o. Box 15403,Annapolis,MD,21412
David,Two,mcmelhorn@jumpstartlab.com,3019105000,14001 Blazer Lane,Silver Spring,MD,20906
William,Gardner,xgc1@jumpstartlab.com,4029904000,Campus Center 2527 16800 Pt. Lookout Rd,St Marys City,MD,20686
Francisco,Rush,siather.jennings@jumpstartlab.com,2406201000,"Campus Center #1754, 16800 Point Lookout Rd",St Marys City,MD,20686
Leah,Lapointe,vbmzar@jumpstartlab.com,2406201000,16800 Point Lookout Rd.,St Marys City,MD,20686
Jessica,Barrows,kphndoe13@jumpstartlab.com,2406201000,16800 Point Lookout Road,St Marys City,MD,20686
Kaitlin,Santiago,gflajagger@jumpstartlab.com,5038053000,"Campus Center 2714, 16800 Point Lookout Rd.",St Marys City,MD,20686
Sophia,Tecleab,cicampbe@jumpstartlab.com,4103704000,Campus Center 1346 16800 Point Lookout Rd,St Marys City,MD,20686
Robert,Oorthuys,awndol_n@jumpstartlab.com,7178564000,16800 Point Lookout Road,St Marys City,MD,20686
Mollie,Mussehl,juworthy@jumpstartlab.com,3019432000,"Campus Center #1067, 16800 Point Lookout Road",Laurel,MD,20686
Allegra,Lopez,qssminemerriweather@jumpstartlab.com,7034240000,"Campus Center 1912, 16800 Point Lookout Rd",St Marys City,MD,20686
Ginny,Bartlett,fuberly.sinclair@jumpstartlab.com,5555555000,16800 Point Look Road,St Marys City,MD,20686
Katya,Oliver,pemoba6@jumpstartlab.com,5555555000,16800 Point Lookout Rd,St Marys City,MD,20686
Laney,Tyson,kaghav.goyal@jumpstartlab.com,3213215000,16800 Pt Lookout Rd,St Marys City,MD,20686
Heather,Foley,ctOHNSON716@jumpstartlab.com,5555555000,16800 Point Lookout Rd,St Marys City,MD,20686
Rachel,Redmond,tcreilly@jumpstartlab.com,3213215000,16800 Pt Lookout Rd,St Marys City,MD,20686
Ragini,Moss,yusse.d.fries@jumpstartlab.com,5555555000,16800 Point Lookout Rd,St Marys City,MD,20686
Kadie,Hillman,agara_wright@jumpstartlab.com,5555555000,16800 Point Lookout Rd,St Marys City,MD,20686
Erin,Schy,rjchel.howson@jumpstartlab.com,3213215000,16800 Pt Lookout Rd,St Marys City,MD,20686
Aida,Nutterupham,guazar@jumpstartlab.com,5555555000,16800 Point Lookout Rd,St Marys City,MD,20686
Zach,Jones,olffj@jumpstartlab.com,3213215000,16800 Pt Lookout Rd,St Marys City,MD,20686
Teen,Waldo,vf9gw@jumpstartlab.com,5555555000,16800 Point Lookout Rd,St Marys City,MD,20686
Lindsay,Migliorini,jk2184a@jumpstartlab.com,3213215000,16800 Pt Lookout Rd,St Marys City,MD,20686
Rebecca,Seeliger,yocoburn@jumpstartlab.com,5555555000,16800 Point Lookout Rd,St Marys City,MD,20686
Jessica,Dulysnusbaum,nvimslopez@jumpstartlab.com,3213215000,16800 Pt Lookout Rd,St Marys City,MD,20686
Stacy,Peeler,tarta.musial@jumpstartlab.com,5555555000,16800 Point Lookout Rd,St Marys City,MD,20686
Linda,Peterson,qaarren@jumpstartlab.com,3213215000,16800 Pt Lookout Rd,St Marys City,MD,20686
Brandon,Hoh,hleyew@jumpstartlab.com,5555555000,16800 Point Lookout Rd,St Marys City,MD,20686
Katie,Rodriguez,kkhorn@jumpstartlab.com,3213215000,16800 Point Lookout Rd.,St Marys City,MD,20686
Nora,Bender,jxhnathon.daniel@jumpstartlab.com,5555555000,16800 Point Lookout Rd,St Marys City,MD,20686
Courtney,Kuria,vlk58@jumpstartlab.com,5555555000,16800 Point Lookout Rd,St Marys City,MD,20686
Sara,Collier,xbenybn@jumpstartlab.com,5555555000,16800 Point Lookout Rd,St Marys City,MD,20686
Laura,Thai,oally.sharrow@jumpstartlab.com,5555555000,16800 Point Lookout Rd,St Marys City,MD,20686
John,Fink,stiorio@jumpstartlab.com,3213215000,16800 Point Lookout Rd.,St Marys City,MD,20686
Myriam,Chase,jevesayj@jumpstartlab.com,5555555000,16800 Point Lookout Rd,St Marys City,MD,20686
Chris,Bradley,chehli.1@jumpstartlab.com,3213215000,16800 Point Lookout Rd.,St Marys City,MD,20686
Danielle,Warren,okwhiteman@jumpstartlab.com,5555555000,16800 Point Lookout Rd,St Marys Cityq,MD,20686
Lisa,Kearney,vkeygordon@jumpstartlab.com,5555555000,16800 Point Lookout Rd,St Marys City,MD,20686
Gabrielle,Stoneking,jostilllusesabeeper@jumpstartlab.com,5555555000,16800 Point Lookout Rd,St Marys City,MD,20686
Jake,Hall,ifinero@jumpstartlab.com,4029904000,16800 Point Lookout Rd.,St Marys City,MD,20686
Bret,Ebersole,yhsloa08@jumpstartlab.com,5555555000,16800 Point Lookout Rd,St Marys City,MD,20686
Nell,Houghton,vjm2865@jumpstartlab.com,4029904000,16800 Point Lookout Rd.,St Marys City,MD,20686
Robert,Wein,yahrison@jumpstartlab.com,5555555000,16800 Point Lookout Rd,St Marys City,MD,20686
Ashley,Lopez,vermideo@jumpstartlab.com,5555555000,16800 Point Lookout Rd,St Marys City,MD,20686
John,Jahne,qyieff@jumpstartlab.com,5555555000,16800 Point Lookout Rd,St Marys City,MD,20686
Hannah,Moskowitz,rbolley@jumpstartlab.com,4029904000,16800 Point Lookout Rd.,Yhfh,MD,20686
Tony,Reay,uxffret@jumpstartlab.com,5555555000,16800 Point Lookout Rd,St Marys City,MD,20686
Eliza,Baker,ykvinga@jumpstartlab.com,9086982000,Ms 2361 Loyola College 4501 North Charles St,Baltimore,MD,21210
Natalie,Fowler,netite_nombre@jumpstartlab.com,9086982000,Ms 2361 4501 N Charles St,Baltimore,MD,21210
William,Davies,rxowden3@jumpstartlab.com,9086982000,Ms 2361 4501 N. Charles St,Baltimore,MD,21210
Sarah,Null,rcverburg@jumpstartlab.com,9086982000,Ms 2361 4501 N. Charles St,Baltimore,MD,21210
Jennifer,Donnelly,qxaschreck@jumpstartlab.com,9086982000,2361 4501 N. Charles St,Baltimore,MD,21210
Shelby,Sullivan,bereenberg@jumpstartlab.com,6312912000,Ms 2361 4501 N Charles St,Baltimore,MD,21210
Courtney,Evans,agatsfunny1688@jumpstartlab.com,4103702000,Ms 3356 Loyola College 4501 N Charles St,Baltimore,MD,21210
Wendy,Hunter,elgerow@jumpstartlab.com,9087525000,Ms 2361 4501 N Charles St,Baltimore,MD,21210
Lance,Terkuile,yboaks@jumpstartlab.com,6318735000,124,Baltimore,MD,21210
Chris,Whitney,bcisher@jumpstartlab.com,4103702000,456,Baltimore,MD,21210
Null,Mccusker,papokuag@jumpstartlab.com,5082748000,"1519 East Falkland Ln, Apt 154",Silver Spring,MD,20910
Minrose,Richards,klsheac@jumpstartlab.com,6179353000,"5215 Centreville Hall, University Of Maryland",College Park,MD,20742
Diana,Kolodin,mqrosent@jumpstartlab.com,3017872000,4226a Guilford Dr,College Park,MD,20817
Kevin,Balinskybaker,xlarab1@jumpstartlab.com,9145844000,7600 Flower Ave.,Takoma Park,MD,20912
Richard,Herman,xb@jumpstartlab.com,7322997000,1001 Kennebec Ave.,Takoma Park,MD,20912
Michael,Embick,sdfonteyne@jumpstartlab.com,9136871000,7600 Flower Ave.,Takoma Park,MD,20912
X,Litzenberg,bfoseen@jumpstartlab.com,2403508000,15144 Red Cedar Dr.,Burtonsville,MD,20866
Melissa,Stachowski,dnhimjolly@jumpstartlab.com,3015189000,15144 Red Cedar Dr.,Burtonsville,MD,20866
Dani,Becker,uxch.hastings@jumpstartlab.com,2403869000,7600 Flower Ave.,Takoma Park,MD,20912
Milton,Lister,dqingold@jumpstartlab.com,3018914000,7600 Flower Ave.,Takoma Park,MD,20912
Laura,Voutour,tuyrotenberg@jumpstartlab.com,3014740000,2 P Plateau Pl,Greenbelt,MD,20770
Jessica,Svoboda,vxitkens724@jumpstartlab.com,8608106000,4501 N Charles St. Ms 2700,Baltimore,MD,21210
Jesse,Doe,gsaddario@jumpstartlab.com,7174482000,1304 Peaceful Lane,Silver Spring,MD,20904
Sheila,Slote,gdristina.holland@jumpstartlab.com,3019741000,8252 Sandy Stream Road,Laurel,MD,20723
Daniel,Doe,iicmseac@jumpstartlab.com,3013184000,7951 15th Ave #201,Hyattsville,MD,20783
Katie,Hopkins,gbnichol@jumpstartlab.com,4105928000,11819 Stoney Batter Road,Kingsville,MD,21087
Laney,Letcheva,pdisb_nuggs@jumpstartlab.com,8459887000,1401 Potomac Ave,Hagerstown,MD,21742
Carl,See,fuoungma@jumpstartlab.com,6785710000,247-09d Leonardtown,College Park,MD,20740
Matthew,Borick,gclue-hitchens11@jumpstartlab.com,3013469000,247-09-c New Leonardtown,College Park,MD,20742
Alexis,Kauffman,ctnteyj@jumpstartlab.com,6173650000,3339 N. Charles St.,Baltimore,MD,21218
Whitney,Sanroman,fgoore@jumpstartlab.com,6173650000,2 W. University Pkwy,Baltimore,MD,21218
Eleanor,Tran,tiperchick447@jumpstartlab.com,6173650000,6010 California Cir 114,Rockville,MD,20852
Ben,Sibelman,kntsosj@jumpstartlab.com,6173650000,712 Montpelier,Baltimore,MD,21218
Isabelle,Thatcher,dybosem@jumpstartlab.com,6173650000,3339 N. Charles,Baltimore,MD,21218
Liana,Gent,eggordon@jumpstartlab.com,6173650000,3900 Halstead,Baltimore,MD,21218
Jessica,Bissessar,kkazirak@jumpstartlab.com,6173650000,110 W. 39th,Baltimore,MD,21210
Jake,Matthews,feaversnob@jumpstartlab.com,6173650000,3501 St. Paul,Baltimore,MD,21218
Stephen,Xx,tull31@jumpstartlab.com,6173650000,3339 N Charles,Baltimore,MD,21218
Laura,Boyle,vvaterma@jumpstartlab.com,6173650000,110 W 39th,Baltimore,MD,21210
John,Westwood,ngelacolwell@jumpstartlab.com,6173650000,3301 N Charles St.,Baltimore,MD,21218
Laura,Webster,ows_braun@jumpstartlab.com,6173650000,3003 N Charles St,Baltimore,MD,21218
Cassidy,Smith,vxurengill@jumpstartlab.com,6173650000,3003 N Charles St,Baltimore,MD,21218
Sherry,Khouang,ceanzet@jumpstartlab.com,3016131000,X,X,MD,21216
Keonna,Caldwell,lwlarali@jumpstartlab.com,3016131000,X,X,MD,21216
Meghan,Student,txancourt@jumpstartlab.com,3016131000,X,X,MD,21216
Catherine,Dutton,xfnnie.woldorf@jumpstartlab.com,3016131000,X,X,MD,21216
Philip,Sangha,nmnes4re@jumpstartlab.com,3016131000,X,X,MD,21216
Neha,Daddario,wyusecc@jumpstartlab.com,3016131000,X,X,MD,21216
Russell,Kurs,rnloe.sackett@jumpstartlab.com,3016131000,X,X,MD,21216
Aditi,Rizzo,odenajean@jumpstartlab.com,3016131000,X,X,MD,21216
Meredith,Zahorian,ypebee3000@jumpstartlab.com,3016131000,X,X,MD,21216
Heather,Thompson,rdm327@jumpstartlab.com,3016131000,X,X,MD,21216
Null,Howard,uqlitzen@jumpstartlab.com,5089549000,"247-10 Leonardtown, University Of Maryland",College Park,MD,20742
Jessica,Sanders,uvsorens@jumpstartlab.com,3016131000,X,X,MD,21216
Melanie,Phillips,hdaggio@jumpstartlab.com,3016131000,X,X,MD,21216
Alicia,Smedick,saoy3333@jumpstartlab.com,3016131000,X,X,MD,21216
Caroline,Mershon,ny@jumpstartlab.com,3016131000,X,X,MD,21216
Michael,Sprinzen,jyica.borgeswallace@jumpstartlab.com,3016131000,X,X,MD,21216
Sandddd,Hoffbeck,nrllinsj4@jumpstartlab.com,3016131000,X,X,MD,21216
Holly,Derwin,tcephanie.j.gardner@jumpstartlab.com,3016131000,X,X,MD,21216
Diana,Downing,sdhaw1@jumpstartlab.com,3016131000,X,X,MD,21216
Sarah,Waldman,cychelleighguillory@jumpstartlab.com,3016131000,X,X,MD,21216
Mary,Bell,cfeckerp@jumpstartlab.com,3016131000,X,X,MD,21216
Bridget,Hawes,lsmery@jumpstartlab.com,3016131000,X,X,MD,21216
Philip,Cruickshank,plerris@jumpstartlab.com,3016131000,X,X,MD,21216
Robert,Kohnstamm,ruood1988@jumpstartlab.com,3016131000,X,X,MD,21216
Jason,Law,agle_Rosenblad@jumpstartlab.com,3016131000,X,X,MD,21216
Eric,Owens,moilema1@jumpstartlab.com,3016131000,X,X,MD,21216
Jillian,Dennis,urchnibe@jumpstartlab.com,3016131000,X,X,MD,21216
Christie,Pedicone,ixhndoe3@jumpstartlab.com,3016131000,X,X,MD,21216
Marcellus,Lane,nuttydus@jumpstartlab.com,3016131000,X,X,MD,21216
Valencia,Miller,dpaaaaaaaaa@jumpstartlab.com,3016131000,X,X,MD,21216
Elizabeth,Parry,acombard@jumpstartlab.com,3016131000,X,X,MD,21216
Juliet,Gill,tqnniferkrill@jumpstartlab.com,3016131000,X,X,MD,21216
Catherine,Howelldinger,arnneryis007@jumpstartlab.com,3016131000,X,X,MD,21216
Andrea,Marchessault,ord9@jumpstartlab.com,3016131000,X,X,MD,21216
Jane,Mendez,natowel@jumpstartlab.com,3016131000,X,X,MD,21216
J,Raymazumder,tmclaibo@jumpstartlab.com,3016131000,X,X,MD,21216
Lea,Finkel,reanelle.dugan@jumpstartlab.com,3016131000,X,X,MD,21216
Whitney,Lynch,ahccernsv@jumpstartlab.com,3016131000,X,X,MD,21216
Michael,Moynahan,hkianhalprin@jumpstartlab.com,3016131000,X,X,MD,21216
James,Webster,vouljosephpark@jumpstartlab.com,3016131000,X,X,MD,21216
Catherine,Carodenuto,rcura.lipinski@jumpstartlab.com,3016131000,X,X,MD,21216
Francesca,Heinichen,lynfranklin@jumpstartlab.com,3016131000,X,X,MD,21216
Elise,Shapiro,aesout08@jumpstartlab.com,3016131000,X,X,MD,21216
Andreah,Vaneck,qxcthruhiker17@jumpstartlab.com,3016131000,X,X,MD,21216
Marci,Wright,rbrie.stratton@jumpstartlab.com,3016131000,X,X,MD,21216
Mary,Skaggs,ijlldurrett@jumpstartlab.com,3016131000,X,X,MD,21216
Lorenzo,Coleman,jjaslett@jumpstartlab.com,3016131000,X,X,MD,21216
Andrew,Colehor,gjlupkin@jumpstartlab.com,3016131000,X,X,MD,21216
Beth,Laird,umt24@jumpstartlab.com,3016131000,X,X,MD,21216
Arielle,Dooleyfeldman,kkccrory@jumpstartlab.com,3016131000,X,X,MD,21216
Katherine,Maloney,rcng2106@jumpstartlab.com,3016131000,X,X,MD,21216
Rebecca,Uzuki,gkpagecolby@jumpstartlab.com,3016131000,X,X,MD,21216
Georgia,Brown,pikeAli27@jumpstartlab.com,3016131000,X,X,MD,21216
Euric,Griffin,rcll32@jumpstartlab.com,3016131000,X,X,MD,21216
Natalie,Jones,korkson.allegra@jumpstartlab.com,3016131000,X,X,MD,21216
Stacy,Reese,yohley.leclare@jumpstartlab.com,3016131000,X,X,MD,21216
Charles,Bolton,tfedina4@jumpstartlab.com,8143973000,1010 S. Kenwood Ave.,Baltimore,MD,21224
Tarini,Atcheson,xkracken@jumpstartlab.com,4109920000,8945 Footed Ridge,Columbia,MD,21045
Jamie,Marden,assse.d.jenkins@jumpstartlab.com,4432579000,"4230 Knox Road, Apt. 1530",College Park,MD,20742
Lillian,Repka,nywaibi@jumpstartlab.com,2404260000,3109 Cambridge,College Park,MD,20742
Natalie,Weinstein,xuwilburn11@jumpstartlab.com,2404010000,"247-9 Leonardtown Hall, University Of Maryland",College Park,MD,20742
Nicholas,Cooper,yyvidpcorrado@jumpstartlab.com,9788444000,8000 Boteler Lane,College Park,MD,20740
Shannon,Stewart,liarry@jumpstartlab.com,4102276000,1000 Hilltop Circle,Baltimore,MD,21250
Melanie,Manchada,gxudgens@jumpstartlab.com,7183054000,1492 Selworthy Rd,Potomac,MD,20854
Steph,Frederick,krott@jumpstartlab.com,4104585000,8000 Boteler Lane Apt #124a,College Park,MD,29740
Tamara,Siegel,dingbodu@jumpstartlab.com,3012579000,6905 Donachie Rd Apt F,Baltimore,MD,21239
Jay,Jeff,pmahlstr@jumpstartlab.com,3012579000,303 E. Burke Rd Apt C,Towson,MD,21286
Laurie,Clancy,jk@jumpstartlab.com,3012579000,3115-8 University Blvd West,Kensington,MD,20895
Jane,White,fpikatri@jumpstartlab.com,3012579000,8007 York Rd Apt C1,Towson,MD,21204
Cara,Brubaker,tvnglese1@jumpstartlab.com,3103704000,6121 Centreville Hall,College Park,MD,20742
Marcelino,Obryon,jxrrieweikle@jumpstartlab.com,3022455000,8000 Boteler Lane Apt. 124,College Park,MD,20740
Jessica,Wang,vwinsa02@jumpstartlab.com,4436297000,11209 Greenspring Ave,Lutherville,MD,21093
Kirsten,Suzor,hwiderc@jumpstartlab.com,4439942000,4603 Harvard Rd.,College Park,MD,20740
Amanda,Dougherty,ukmitch07@jumpstartlab.com,2402103000,607 Wilson Ln,Waldorf,MD,20602
X,Griffard,skmbolger@jumpstartlab.com,3012667000,6580 Glendale Place,La Plata,MD,20646
Sarah,Williams,dvjaff07@jumpstartlab.com,4436324000,14021 Woodlings Lane,Reisterstown,MD,21136
Sarah,Brisbois,wqlee0808@jumpstartlab.com,4436324000,3043 Frisby St.,Baltimore,MD,21218
Kelly,Santoro,auurtney.marie.davis@jumpstartlab.com,2402054000,28 Lee Ave. Apt. 303,Takoma Park,MD,20912
Alice,Ogutu,ury1@jumpstartlab.com,4436167000,3327 Charles St,Fallston,MD,21047
Stephen,Fondabonardi,rilking_contradiction_27@jumpstartlab.com,2403469000,3802 Brewster Circle,Waldorf,MD,20601
Jordan,Pfeffer,xfanjarr@jumpstartlab.com,2404614000,251 Manor Circle,Takoma Park,MD,20912
Hilary,Nayeem,lhavis@jumpstartlab.com,3018141000,251 Manor Circle,Takoma Park,MD,20912
Charlotte,Syrig,wwedellstiles@jumpstartlab.com,3013184000,6201 41st Ave,Hyattsville,MD,20782
Zachary,Reinauer,qrantiag@jumpstartlab.com,3046045000,5218 Centreville,College Park,MD,20742
Emma,Barker,rcberger@jumpstartlab.com,3013200000,2 Bay Tree Lane,Bethesda,MD,20816
Bradly,Zamudio,fyaronsmith@jumpstartlab.com,4102180000,1102 Somerset Hall,College Park,MD,20742
Megan,Sager,xglia.shindel@jumpstartlab.com,5134172000,4227 Oglethorpe St.,Hyattsville,MD,20781
Null,Gupta,sxhndoe14@jumpstartlab.com,8125523000,"1133 E West Hwy, Ste 319-w",Silver Spring,MD,20910
Meredith,Doe,uimenez@jumpstartlab.com,3012529000,8000 Travis Ln,College Park,MD,20740
Zach,Fencl,smTAK@jumpstartlab.com,5136803000,"8204 Baltimore Ave, Apt 718b",College Park,MD,20740
Brandon,Zimmer,mmockc6@jumpstartlab.com,7327798000,401 Rosemont Ave.,Frederick,MD,21701
Paul,Lazarowski,qnudmer@jumpstartlab.com,3013790000,17714 Meetinghouse Rd,Sandy Spring,MD,20860
Shane,August,anhilips@jumpstartlab.com,3018912000,1012 Heather Ave,Takoma Park,MD,20912
Leslie,Barns,ufoff@jumpstartlab.com,2406261000,24 Jermae St,Thurmont,MD,21788
Scott,Parker,qhuer321@jumpstartlab.com,2022701000,19308 Alderbarn Ct,Brookeville,MD,20833
Shannon,Patrick,foshankland@jumpstartlab.com,2407500000,4 Vallingby Circle,Rockvile,MD,20850
Sophia,Haskell,gbffb_123@jumpstartlab.com,3014740000,14-n Laurel Hill Road,Greenbelt,MD,20770
Rose,Arnold,oqenville@jumpstartlab.com,3012337000,6 Middlebridge Ct,Silver Spring,MD,20906
Alison,Dickson,xoolloway10@jumpstartlab.com,3012995000,8158 Inverness Ridge Road,Potomac,MD,20854
Eliza,Xx,wqrah.mary89@jumpstartlab.com,3019832000,11713 Charen Lane,Potomac,MD,20854
Kirsten,Chronis,frmooski@jumpstartlab.com,3016174000,10584 Hunters Way,Laurel,MD,20723
Dominique,Dewolf,xwh001@jumpstartlab.com,3015880000,9407 Worth Ave,Silver Spring,MD,20901
Sam,Wetherill,fyvegetarian@jumpstartlab.com,2404856000,10823 Margate Road,Silver Spring,MD,20901
X,Comer,iaivings@jumpstartlab.com,2406728000,3708 Underwood Rd,Chevy Chase,MD,20815
Katie,Roy,dhigsi01@jumpstartlab.com,2063722000,6201 41st Ave,Hyattsville,MD,20782
Jessica,Avendano,ruoore10@jumpstartlab.com,3017875000,1814 August Dr,Silver Spring,MD,20902
Lauren,Marquis,fqenshen@jumpstartlab.com,3018303000,2103 Hermitage Road,Wheaton,MD,20902
Michael,Spero,dcna.kuhnline@jumpstartlab.com,3018019000,8905 Sudbury Road,Silver Spring,MD,20901
Liam,Theden,psmcgrew@jumpstartlab.com,3014211000,2217 Link Road,Silver Spring,MD,20905
Stephanie,Siegler,npmaho06@jumpstartlab.com,2406027000,6905 Pineway Ave,University Park,MD,20782
Ruth,Wofford,paallmeyer@jumpstartlab.com,2404971000,7423 Lynnhurst Street,Chevy Chase,MD,20815
Jane,Schwaneke,fjh224@jumpstartlab.com,3012197000,310 Crabb Avenue,Rockville,MD,20850
Sajeewa,Tedrow,gerumber@jumpstartlab.com,3017606000,7710 Iron Forge Court,Derwood,MD,20855
Rhiannon,Mccall,plgermal@jumpstartlab.com,3014667000,4111 Elkton Hall,College Park,MD,20742
Shannen,Queen,kjinda.manglik@jumpstartlab.com,3017749000,4105 Alfalfa Terrace,Olney,MD,20832
Meg,Smith,jy379@jumpstartlab.com,3013184000,5024 Berwyn Road,College Park,MD,20740
Arden,Lkjklljlkj,hslftylerblue@jumpstartlab.com,2402529000,3106 Dorchester Hall,College Park,MD,20742
Kara,Baker,cms.bischoff@jumpstartlab.com,2408884000,7600 Flower Ave.,Takoma Park,MD,20912
Genevieve,Catellacci,gyura.Kriegel@jumpstartlab.com,3013184000,6109 Hagerstown Hall,College Park,MD,20742
Eliza,Gromisch,lqmoresch@jumpstartlab.com,3016761000,8241 Black Hawk Court,Frederick,MD,21701
Dordt,Tale,qxope@jumpstartlab.com,4107107000,5104 Denton Hall,College Park,MD,20742
Christian,Rueter,xlean@jumpstartlab.com,2404980000,224 Onley Road #103-a,Salisbury,MD,21804
Sarah,Gosse,bsore@jumpstartlab.com,3042795000,7600 Flower Ave.,Takoma Park,MD,20912
Austin,Brummel,lpldor_a@jumpstartlab.com,3013184000,8000 Boteler Lane,College Park,MD,20740
Joseph,Kolb,avdisido@jumpstartlab.com,3013184000,8000 Boteler Lane,College Park,MD,20740
Seth,Holleb,ouitlinef324@jumpstartlab.com,3019103000,"4226 Guilford Drive, Apt A",College Park,MD,20740
Jordan,Holdaway,ekazanec@jumpstartlab.com,3015239000,8133 Hagerstown Hall,College Park,MD,20742
Lorena,Gladfelter,ylnjen3323@jumpstartlab.com,3012040000,2 College Hill,Westminster,MD,21157
Ben,Rawstron,xjpivey@jumpstartlab.com,3193504000,6201 41st Ave,Hyattsville,MD,20782
Laura,Butler,drCyprian@jumpstartlab.com,3013184000,247-9c New Leonardtown,College Park,MD,20742
Jake,Sorenson,pqowen09@jumpstartlab.com,3017127000,4902 Cherokee Street,College Park,MD,20740
Kyle,Wolfson,gjethin@jumpstartlab.com,2022220000,4004 32nd St,Mount Rainier,MD,20712
Kerry,Spence,cghsjp@jumpstartlab.com,4103031000,7400 Columbia Ave,College Park,MD,20740
Dan,Aungst,vmrthsaver@jumpstartlab.com,5034758000,12545 Catalina Drive,Lusby,MD,20657
